<?xml version="1.0"?>

<!--
 Licensed to the Apache Software Foundation (ASF) under one
 or more contributor license agreements.  See the NOTICE file
 distributed with this work for additional information
 regarding copyright ownership.  The ASF licenses this file
 to you under the Apache License, Version 2.0 (the
 "License"); you may not use this file except in compliance
 with the License.  You may obtain a copy of the License at

   http://www.apache.org/licenses/LICENSE-2.0

 Unless required by applicable law or agreed to in writing,
 software distributed under the License is distributed on an
 "AS IS" BASIS, WITHOUT WARRANTIES OR CONDITIONS OF ANY
 KIND, either express or implied.  See the License for the
 specific language governing permissions and limitations
 under the License.
-->

<document>

    <properties>
        <title>MessageTool</title>
        <author email="sidler@apache.org">Gabriel Sidler</author>
        <projectfile>xdocs/struts/menu.xml</projectfile>
        </properties>

    <body>

    <section name="MessageTool Reference Documentation">

        <p>
        The MessageTool is used to render internationalized message strings. Source
        of the strings are the message resource bundles of the Struts framework. The
        following methods operate on these message resources.
        </p>

        <toolinfo>
            <version>@@@version@@@, @@@date@@@</version>
            <clazz>org.apache.velocity.tools.struts.MessageTool</clazz>
            <name>$text</name>
            <author email="sidler@teamup.com">Gabriel Sidler</author>
            <config-example>&lt;tool&gt;
  &lt;key&gt;text&lt;/key&gt;
  &lt;scope&gt;request&lt;/scope&gt;
  &lt;class&gt;org.apache.velocity.tools.struts.MessageTool&lt;/class&gt;
&lt;/tool&gt;</config-example>
        </toolinfo>

        <methods/>

    </section>

    <section name="get()">
        <method name="get()">

            <abstract>
                Looks up and returns the localized message for the specified key.
            </abstract>

            <signature>
                TextKey get(String key)
            </signature>

            <signature>
                String get(String key, String bundle)
            </signature>

            <signature>
                String get(String key, Object args[])
            </signature>

            <signature>
                String get(String key, String bundle, Object args[])
            </signature>

            <signature>
                String get(String key, List args)
            </signature>

            <signature>
                String get(String key, String bundle, List args)
            </signature>

            <parameters>
                <parameter name="key">
                    Message key.
                </parameter>

                <parameter name="bundle">
                    The (non-default) message-resources bundle that holds the message.
                </parameter>

                <parameter name="args">
                    Replacement parameters for this message. Typically
                    an array of Strings or a List of Strings (but any
                    Object with a reasonable <code>toString()</code>
                    method can be used).
                </parameter>
            </parameters>

            <returns>
                The localized message for the specified key. Returns null if no
                message exists for the key passed.
            </returns>

            <see>
                Struts user's guide on
                <a href="http://jakarta.apache.org/struts/userGuide/building_view.html#i18n">
                Internationalized Messages</a>.
            </see>

            <description>
                <p>The user's locale is consulted to determine the language of the
                message. The third, fourth, fifth and sixth signatures take a list
                of up to five replacement parameters. The third and fourth signatures
                are provided for compatibility with existing applications. The fifth and
                sixth signatures are more Velocity friendly.</p>

<p>Assuming that the message resource files contain the following messages:</p>
<sourcecode>title=Welcome to Velocity for Struts
test=This message has five replacement parameters: {0}, {1}, {2}, {3}, {4}
label.one=foobar
label.two=woogie!</sourcecode>

<p>then the following Velocity script:</p>
<sourcecode>$text.title
$text.get('test', ['bear', 'wolf', 'tiger'])
$text.label.one
$text.label.two</sourcecode>

<p>produces this output:</p>
<sourcecode>Welcome to Velocity for Struts
Welcome to Velocity for Struts
This message has five replacement parameters: bear, wolf, tiger, {3}, {4}
foobar
woogie!</sourcecode>
            </description>

        </method>
    </section>

    <section name="exists()">
        <method name="exists()">

            <abstract>
                Checks if a message string for a specified message key exists
                for the user's locale.
            </abstract>

            <signature>
                boolean exists(String key)
            </signature>

            <signature>
                boolean exists(String key, String bundle)
            </signature>

            <parameters>
                <parameter name="key">
                    Message key.
                </parameter>

                <parameter name="bundle">
                    The (non-default) message-resources bundle that holds the message.
                </parameter>
            </parameters>

            <returns>
                <code>true</code> if a message string for the specified message
                key exists for the user's locale. <code>false</code> otherwise.
            </returns>

            <description>
<sourcecode>$text.exists("title")</sourcecode>
            </description>

        </method>
    </section>

 </body>
</document>

