<?xml version="1.0"?>

<!--
 Licensed to the Apache Software Foundation (ASF) under one
 or more contributor license agreements.  See the NOTICE file
 distributed with this work for additional information
 regarding copyright ownership.  The ASF licenses this file
 to you under the Apache License, Version 2.0 (the
 "License"); you may not use this file except in compliance
 with the License.  You may obtain a copy of the License at

   http://www.apache.org/licenses/LICENSE-2.0

 Unless required by applicable law or agreed to in writing,
 software distributed under the License is distributed on an
 "AS IS" BASIS, WITHOUT WARRANTIES OR CONDITIONS OF ANY
 KIND, either express or implied.  See the License for the
 specific language governing permissions and limitations
 under the License.
-->

<document>

    <properties>
        <title>SecureLinkTool</title>
        <author email="marino@apache.org">Marino A. Jonsson</author>
        <projectfile>xdocs/struts/menu.xml</projectfile>
     </properties>

    <body>

    <section name="SecureLinkTool Reference Documentation">

        <p>The SecureLinkTool extends the standard
        <a href="../view/LinkTool.html">LinkTool</a> and has the exact same interface as
        <a href="StrutsLinkTool.html">StrutsLinkTool</a> and the same function.  It should
        substitute the <a href="StrutsLinkTool.html">StrutsLinkTool</a> in the toolbox if
        <a href="http://sslext.sourceforge.net">SSL Ext</a> is installed.
        It's functionality is a subset of the functionality provided by the
        sslext tag library for JSP.</p>

        <p>The SSL Ext. Struts extension package makes it possible to declare Struts actions
        secure, non-secure, or neutral in the struts config like so:</p>

        <sourcecode>
        &lt;action path="/someSecurePath" type="some.important.Action"&gt;
            &lt;set-property property="secure" value="true"/&gt;
            &lt;forward name="success" path="/somePage.vm" /&gt;
        &lt;/action&gt;
        </sourcecode>

        <p>If an action is declared secure the SecureLinkTool will render the relevant link
        as https (if not already in ssl-mode).  In the same way, if an action is declared
        non-secure the SecureLinkTool will render the relevant link as http (if in ssl-mode).
        If the action is declared as neutral (with a "secure" property of "any") then the
        SecureLinkTool won't force a protocol change either way.<br/>  If the custom
        request processor is also used then a request will be redirected to the correct
        protocol if an action URL is manually entered into the browser with the wrong protocol</p>

        <p>These are the steps needed to enable SSL Ext:</p>
        <ul>
            <li>SSL connections need to be enabled on the webserver.</li>
            <li>The Java Secure Socket Extension (JSSE) package needs to be in place (it's
            	integrated into the Java 2 SDK Standard Edition, v. 1.4 but optional for earlier
            	versions)</li>
            <li>In toolbox.xml the SecureLinkTool should substitute the StrutsLinkTool</li>
            <li>In struts-conf.xml the custom action-mapping class needs to be specified</li>
            <li>In struts-conf.xml the custom controller class can optionally be specified
            (if the redirect feature is wanted)</li>
            <li>In struts-conf.xml the SecurePlugIn needs to be added</li>
            <li>In struts-conf.xml, when using Tiles, the SecureTilesPlugin substitues both the
            	TilesPlugin and the SecurePlugIn and it also takes care of setting the correct
                controller so there is no need to specify the custom controller.</li>
        </ul>

        <see>SSL Ext. <a href="http://sslext.sourceforge.net">project home</a></see>

        <toolinfo>
            <version>@@@version@@@, @@@date@@@</version>
            <clazz>org.apache.velocity.tools.struts.SecureLinkTool</clazz>
            <name>$link</name>
            <author email="marinoj@centrum.is">Marino A. Jonsson</author>
            <config-example>&lt;tool&gt;
  &lt;key&gt;link&lt;/key&gt;
  &lt;scope&gt;request&lt;/scope&gt;
  &lt;class&gt;org.apache.velocity.tools.struts.SecureLinkTool&lt;/class&gt;
&lt;/tool&gt;</config-example>
        </toolinfo>

    </section>

 </body>
</document>

