<?xml version="1.0"?>

<!--
 Licensed to the Apache Software Foundation (ASF) under one
 or more contributor license agreements.  See the NOTICE file
 distributed with this work for additional information
 regarding copyright ownership.  The ASF licenses this file
 to you under the Apache License, Version 2.0 (the
 "License"); you may not use this file except in compliance
 with the License.  You may obtain a copy of the License at

   http://www.apache.org/licenses/LICENSE-2.0

 Unless required by applicable law or agreed to in writing,
 software distributed under the License is distributed on an
 "AS IS" BASIS, WITHOUT WARRANTIES OR CONDITIONS OF ANY
 KIND, either express or implied.  See the License for the
 specific language governing permissions and limitations
 under the License.
-->

<document>

    <properties>
        <title>Tools Reference</title>
        <author email="sidler@apache.org">Gabriel Sidler</author>
        <projectfile>xdocs/struts/menu.xml</projectfile>
    </properties>

    <body>

    <section name="VelocityStruts - Reference Documentation">

        <p>
        VelocityStruts includes eight view tools that provide access
        to Struts resources from within Velocity templates. This page is the
        starting point to the reference documentation for the view tools.
        Primary audience are the template designers.</p>

        <p>
        Velocity for Struts currently supports the follwing four tools:
        </p>

        <p>
        <strong><a href="MessageTool.html">MessageTool</a></strong><br />
        Provides access to the Struts application resources for internationalized text.
        </p>

        <p>
        <strong><a href="ActionMessagesTool.html">ActionMessagesTool</a></strong><br/>
        Provides methods to work with Struts action messages
        </p>

        <p>
        <strong><a href="ErrorsTool.html">ErrorsTool</a></strong><br />
        Provides methods to work with Struts error messages.
        </p>

        <p>
        <strong><a href="FormTool.html">FormTool</a></strong><br />
        Provides miscellaneous methods to work with forms and form beans in the context
        of Struts applications.
        </p>

        <p>
        <strong><a href="StrutsLinkTool.html">StrutsLinkTool</a></strong><br />
        Extends <a href="../view/LinkTool.html">LinkTool</a> to to add methods
        for working with Struts' Actions and Forwards.
        </p>

        <p>
        <strong><a href="SecureLinkTool.html">SecureLinkTool</a></strong><br />
        Has the same interface as <a href="StrutsLinkTool.html">StrutsLinkTool</a>
        and should substitute it when the SSL Ext. extension for Struts is installed.
        </p>

        <p>
        <strong><a href="TilesTool.html">TilesTool</a></strong><br />
        Provides miscellaneous methods to work with Tiles in the context
        of Struts applications.
        </p>

        <p>
        <strong><a href="ValidatorTool.html">ValidatorTool</a></strong><br />
        Provides methods to dynamically generate javascript validation in the context
        of Struts applications.
        </p>

    </section>

 </body>
</document>

