<?xml version="1.0"?>

<!--
 Licensed to the Apache Software Foundation (ASF) under one
 or more contributor license agreements.  See the NOTICE file
 distributed with this work for additional information
 regarding copyright ownership.  The ASF licenses this file
 to you under the Apache License, Version 2.0 (the
 "License"); you may not use this file except in compliance
 with the License.  You may obtain a copy of the License at

   http://www.apache.org/licenses/LICENSE-2.0

 Unless required by applicable law or agreed to in writing,
 software distributed under the License is distributed on an
 "AS IS" BASIS, WITHOUT WARRANTIES OR CONDITIONS OF ANY
 KIND, either express or implied.  See the License for the
 specific language governing permissions and limitations
 under the License.
-->

<document>

    <properties>
        <title>DateTool</title>
        <author email="sidler@apache.org">Gabriel Sidler</author>
        <projectfile>xdocs/generic/menu.xml</projectfile>
    </properties>

    <body>

    <section name="DateTool Reference Documentation">

        <p>
        Tool for accessing, manipulating, and converting<code>java.util.Date</code>
        and <code>java.util.Calendar</code> objects in Velocity templates. It
        supports locales to format dates language and country specific.
        </p>

        <toolinfo>
            <version>@@@version@@@, @@@date@@@</version>

            <clazz>org.apache.velocity.tools.generic.DateTool</clazz>

            <name>$date</name>

            <author>Nathan Bubna</author>

            <config-example>&lt;tool&gt;
  &lt;key&gt;date&lt;/key&gt;
  &lt;scope&gt;application&lt;/scope&gt;
  &lt;class&gt;org.apache.velocity.tools.generic.DateTool&lt;/class&gt;
&lt;/tool&gt;</config-example>

        </toolinfo>

        <methods/>

    </section>

    <section name="getDate()">
        <method name="getDate()">

            <abstract>
                Returns a Date object representing the time at which this
                method was invoked.
            </abstract>

            <signature>
                String getDate()
            </signature>

            <signature>
                String getDate(Locale locale)
            </signature>

            <parameters>
                <parameter name="locale">
                    An object of class <code>java.util.Locale</code> that represents the locale
                    to be used to create the date.
                </parameter>
            </parameters>

            <returns>
                An object of class <code>java.util.Date</code> representing the time at which this
                method was invoked in the specified locale. If no locale is specified,
                the system's default locale is used.
            </returns>

        </method>
    </section>


    <section name="getCalendar()">
        <method name="getCalendar()">

            <abstract>
                Returns a Calendar object representing the time at which this
                method was invoked.
            </abstract>

            <signature>
                String getCalendar()
            </signature>

            <signature>
                String getCalendar(Locale locale)
            </signature>

            <parameters>
                <parameter name="locale">
                    An object of class <code>java.util.Locale</code> that represents the locale
                    to be used to create the calendar.
                </parameter>
            </parameters>

            <returns>
                An object of class <code>java.util.Calendar</code> representing the time at which this
                method was invoked in the specified locale. If no locale is specified,
                the system's default locale is used.
            </returns>

        </method>
    </section>


    <section name="format()">
        <method name="format()">

            <abstract>
                Returns a formatted string representing the specified date.
            </abstract>

            <signature>
                String format(String format, Object obj)
            </signature>

            <signature>
                String format(String format, Object obj, Locale locale)
            </signature>

            <parameters>
                <parameter name="format">
                    A string that represents the formatting instructions according to
                    <code>java.text.SimpleDateFormat</code>. See also below.
                </parameter>

                <parameter name="obj">
                    An object of class <code>java.util.Date</code> or <code>java.util.Calendar</code>. It is
                    also possible to pass a string that represents a parsable date
                    according to <code>java.text.DateFormat</code>.
                </parameter>

                <parameter name="locale">
                    An object of class <code>java.util.Locale</code> that represents the locale
                    to format the date for.
                </parameter>
            </parameters>

            <returns>
                The formatted date string in the specified locale or <code>null</code>
                if one or several input parameters are invalid. If no locale is specified,
                the system's default locale is used instead.
            </returns>

            <description>
                <p>This methods use the same formatting instructions as class
                <code>java.text.SimpleDateFormat</code>.</p>

<sourcecode>
Symbol   Meaning                 Presentation        Example
------   -------                 ------------        -------
G        era designator          (Text)              AD
y        year                    (Number)            1996
M        month in year           (Text &amp; Number)     July &amp; 07
d        day in month            (Number)            10
h        hour in am/pm (1~12)    (Number)            12
H        hour in day (0~23)      (Number)            0
m        minute in hour          (Number)            30
s        second in minute        (Number)            55
S        millisecond             (Number)            978
E        day in week             (Text)              Tuesday
D        day in year             (Number)            189
F        day of week in month    (Number)            2 (2nd Wed in July)
w        week in year            (Number)            27
W        week in month           (Number)            2
a        am/pm marker            (Text)              PM
k        hour in day (1~24)      (Number)            24
K        hour in am/pm (0~11)    (Number)            0
z        time zone               (Text)              Pacific Standard Time
'        escape for text         (Delimiter)
''       single quote            (Literal)           '

Examples: "E, MMMM d" will result in "Tue, July 24"
          "EEE, M-d (H:m)" will result in "Tuesday, 7-24 (14:12)"
</sourcecode>

            </description>

        </method>
    </section>



    <section name="toDate()">
        <method name="toDate()">

            <abstract>
                Returns a Date object representing the specified date.
            </abstract>

            <signature>
                Date toDate(Object obj)
            </signature>

            <parameters>
                <parameter name="obj">
                    The date to convert. The parameter can be an object of class
                    <code>java.util.Date</code> or <code>java.util.Calendar</code>. It is also possible to
                    pass a string that represents a parsable date according to
                    <code>java.text.DateFormat</code>.
                </parameter>
            </parameters>

            <returns>
                An object of class <code>java.util.Date</code> representing the converted date
                or <null></null> of the input parameter is invalid.
            </returns>

        </method>
    </section>


    <section name="toCalendar()">
        <method name="toCalendar()">

            <abstract>
                Returns a Calendar object representing the specified date.
            </abstract>

            <signature>
                Calendar toCalendar(Object obj)
            </signature>

            <parameters>
                <parameter name="obj">
                    The date to convert. The parameter can be an object of class
                    <code>java.util.Date</code> or <code>java.util.Calendar</code>. It is also possible to
                    pass a string that represents a parsable date according to
                    <code>java.text.DateFormat</code>.
                </parameter>
             </parameters>

            <returns>
                An object of class <code>java.util.Calendar</code> representing the converted date
                or <null></null> of the input parameter is invalid.
            </returns>

        </method>
    </section>



 </body>
</document>

