<?xml version="1.0"?>

<!--
 Licensed to the Apache Software Foundation (ASF) under one
 or more contributor license agreements.  See the NOTICE file
 distributed with this work for additional information
 regarding copyright ownership.  The ASF licenses this file
 to you under the Apache License, Version 2.0 (the
 "License"); you may not use this file except in compliance
 with the License.  You may obtain a copy of the License at

   http://www.apache.org/licenses/LICENSE-2.0

 Unless required by applicable law or agreed to in writing,
 software distributed under the License is distributed on an
 "AS IS" BASIS, WITHOUT WARRANTIES OR CONDITIONS OF ANY
 KIND, either express or implied.  See the License for the
 specific language governing permissions and limitations
 under the License.
-->

<document>

    <properties>
        <title>GenericTools</title>
        <author email="sidler@apache.org">Gabriel Sidler</author>
        <projectfile>xdocs/generic/menu.xml</projectfile>
    </properties>

    <body>

    <section name="Overview">
        <p>
          GenericTools contains a collection of reusable and well
          documented tools and utility classes of general interest
          to Velocity users.  These classes and tools have no dependency
          on the VelocityView or VelocityStruts sub-projects. The tools may
          be used as you would any other POJO ("plain old java object").
        </p>
        <p>
          <strong>Tools:</strong>
          <dl>
            <dt><a href="../javadoc/org/apache/velocity/tools/generic/DateTool.html"><strong>DateTool</strong></a></dt>
            <dd>A tool for manipulating and formatting dates.</dd>

            <dt><a href="MathTool.html"><strong>MathTool</strong></a></dt>
            <dd>A tool for performing floating point math.</dd>

            <dt><a href="../javadoc/org/apache/velocity/tools/generic/NumberTool.html"><strong>NumberTool</strong></a></dt>
            <dd>A tool for formatting numbers.</dd>

            <dt><a href="RenderTool.html"><strong>RenderTool</strong></a></dt>
            <dd>A tool to evaluate and render arbitrary strings of VTL (Velocity
            Template Language).</dd>

            <dt><a href="EscapeTool.html"><strong>EscapeTool</strong></a></dt>
            <dd>A tool to help with common escaping needs in Velocity templates.</dd>

            <dt><a href="../javadoc/org/apache/velocity/tools/generic/ResourceTool.html"><strong>EscapeTool</strong></a></dt>
            <dd>A tool to simplify access to ResourceBundles for internationalization or other dynamic content needs.</dd>

            <dt><a href="../javadoc/org/apache/velocity/tools/generic/Alternator.html"><strong>Alternator</strong></a>
            and <a href="../javadoc/org/apache/velocity/tools/generic/AlternatorTool.html"><strong>AlternatorTool</strong></a></dt>
            <dd>Utility class for easily alternating over values in a list and tool for easy creation of Alternators in templates.</dd>

            <dt><a href="../javadoc/org/apache/velocity/tools/generic/ValueParser.html"><strong>ValueParser</strong></a></dt>
            <dd>A tool to retrieve and parse String values pulled from a map. This provides
            the basis for the <a href="../view/ParameterParser.html">ParameterParser</a> in
            <a href="../view/index.html">VelocityView</a>.</dd>

            <dt><a href="../javadoc/org/apache/velocity/tools/generic/ListTool.html"><strong>ListTool</strong></a></dt>
            <dd>A tool to help when working with arrays or Lists. This tool transparently handles both the same way.</dd>

            <dt><a href="../javadoc/org/apache/velocity/tools/generic/SortTool.html"><strong>SortTool</strong></a></dt>
            <dd>A tool that allows a user to sort a collection (or array, iterator, etc)
            on any arbitary set of properties exposed by the objects contained within
            the collection.</dd>

            <dt><a href="../javadoc/org/apache/velocity/tools/generic/IteratorTool.html"><strong>IteratorTool</strong></a></dt>
            <dd>A convenience tool to use with #foreach loops. It wraps a list
            to let the designer specify a condition to terminate the loop,
            and reuse the same list in different loops.</dd>
          </dl>
          <br clear="all"/>
          <strong>Utilities:</strong>
          <dl>
            <dt><a href="../javadoc/org/apache/velocity/tools/generic/log/CommonsLogLogSystem.html"><strong>CommonsLogLogSystem</strong></a></dt>
            <dd>An implementation of Velocity's LogSystem interface that redirects
            log output to a Commons-Logging Log instance.</dd>

            <dt><a href="../javadoc/org/apache/velocity/tools/generic/log/LogSystemCommonsLog.html"><strong>LogSystemCommonsLog</strong></a></dt>
            <dd>An implementation of Commons-Logging's Log interface that redirects
            log output to Velocity's LogSystem.</dd>
          </dl>
        </p>
        <br clear="all" />
    </section>

    <section name="Contributions">
        <p>We welcome your contributions to this library.  Patches can be sent to the
        mailing list or attached to a
        <a href="http://issues.apache.org/jira/browse/VELTOOLS">JIRA</a>
        issue.  The <a href="http://wiki.apache.org/velocity/VelocityTools">Wiki</a>
        can also be a good place to discuss and develop ideas.</p>

        <p><strong>Checklist for Contributions</strong></p>
        <ul>
            <li><a href="http://wiki.apache.org/velocity/CodeStandards">Velocity coding conventions</a></li>
            <li>JavaDoc included (the more detailed the better)</li>
            <li>Examples included (in JavaDoc or as stand-alone template example)</li>
        </ul>
    </section>

 </body>
</document>
