Type,Local Number,Message,Field 1,Value 1,Units 1,Field 2,Value 2,Units 2,Field 3,Value 3,Units 3,Field 4,Value 4,Units 4,Field 5,Value 5,Units 5,Field 6,Value 6,Units 6,Field 7,Value 7,Units 7,Field 8,Value 8,Units 8,Field 9,Value 9,Units 9,Field 10,Value 10,Units 10,Field 11,Value 11,Units 11,Field 12,Value 12,Units 12,Field 13,Value 13,Units 13,Field 14,Value 14,Units 14,Field 15,Value 15,Units 15,Field 16,Value 16,Units 16,Field 17,Value 17,Units 17,Field 18,Value 18,Units 18,Field 19,Value 19,Units 19,Field 20,Value 20,Units 20,Field 21,Value 21,Units 21,Field 22,Value 22,Units 22,Field 23,Value 23,Units 23,
Definition,0,file_id,manufacturer,1,,product,1,,serial_number,1,,time_created,1,,number,1,,type,1,,
Data,0,file_id,manufacturer,1,,garmin_product,988,,serial_number,1000322,,time_created,615402320,,type,4,,,,,
Definition,0,activity,timestamp,1,,local_timestamp,1,,type,1,,event,1,,event_type,1,,,,,
Data,0,activity,timestamp,615402382,,local_timestamp,614336681,,type,0,,event,26,,event_type,1,,,,,
Definition,0,session,timestamp,1,,start_time,1,,total_elapsed_time,1,,total_timer_time,1,,total_distance,1,,total_cycles,1,,total_calories,1,,total_fat_calories,1,,avg_speed,1,,max_speed,1,,avg_power,1,,max_power,1,,total_ascent,1,,total_descent,1,,num_laps,1,,event,1,,event_type,1,,sport,1,,sub_sport,1,,avg_heart_rate,1,,max_heart_rate,1,,avg_cadence,1,,max_cadence,1,,
Data,0,session,timestamp,615402382,s,start_time,615402320,,total_elapsed_time,60.422,s,total_timer_time,60.422,s,total_distance,41.25,m,total_strides,55,strides,total_calories,2,kcal,avg_speed,1.134,m/s,max_speed,1.5,m/s,num_laps,3,,event,8,,event_type,1,,sport,1,,avg_heart_rate,123,bpm,max_heart_rate,180,bpm,,,,,,,,,,,,,,,,,,,,,,,,,
Definition,0,lap,message_index,1,,timestamp,1,,start_time,1,,total_elapsed_time,1,,total_timer_time,1,,total_distance,1,,total_cycles,1,,total_calories,1,,total_fat_calories,1,,avg_speed,1,,max_speed,1,,avg_power,1,,max_power,1,,total_ascent,1,,total_descent,1,,event,1,,event_type,1,,avg_heart_rate,1,,max_heart_rate,1,,avg_cadence,1,,max_cadence,1,,lap_trigger,1,,sport,1,,
Data,0,lap,message_index,0,,timestamp,615402354,s,start_time,615402320,,total_elapsed_time,34.289,s,total_timer_time,34.289,s,total_distance,11.25,m,total_strides,15,strides,total_calories,0,kcal,avg_speed,1.012,m/s,max_speed,1.078,m/s,event,9,,event_type,1,,avg_heart_rate,148,bpm,max_heart_rate,180,bpm,lap_trigger,0,,sport,1,,,,,,,,,,,,,,,,,,,,,,,
Data,0,lap,message_index,1,,timestamp,615402366,s,start_time,615402354,,total_elapsed_time,12.125,s,total_timer_time,12.125,s,total_distance,14.25,m,total_strides,19,strides,total_calories,1,kcal,avg_speed,1.199,m/s,max_speed,1.5,m/s,event,9,,event_type,1,,avg_heart_rate,129,bpm,max_heart_rate,158,bpm,lap_trigger,0,,sport,1,,,,,,,,,,,,,,,,,,,,,,,
Data,0,lap,message_index,2,,timestamp,615402382,s,start_time,615402366,,total_elapsed_time,14.008,s,total_timer_time,14.008,s,total_distance,15.75,m,total_strides,21,strides,total_calories,1,kcal,avg_speed,1.172,m/s,max_speed,1.5,m/s,event,9,,event_type,1,,avg_heart_rate,76,bpm,max_heart_rate,104,bpm,lap_trigger,7,,sport,1,,,,,,,,,,,,,,,,,,,,,,,
Definition,5,unknown,unknown,1,,unknown,1,,unknown,1,,unknown,1,,unknown,1,,unknown,1,,unknown,1,,unknown,1,,unknown,1,,unknown,1,,,,,,,,,,,,,,,,,,,,,,,,,,,,,,,,,,,,,,,,,
Definition,4,event,timestamp,1,,data,1,,event,1,,event_type,1,,event_group,1,,,,,,,,,,,,,,,,,,,,,,,,,,,,,,,,,,,,,,,,,,,,,,,,,,,,,,,,
Data,5,unknown,unknown,36|174|75|81,,,,,,,,,,,,,,,,,,,,,,,,,,,,,,,,,,,,,,,,,,,,,,,,,,,,,,,,,,,,,,,,,,,,
Data,3,record,timestamp,49,s,,,,,,,,,,,,,,,,,,,,,,,,,,,,,,,,,,,,,,,,,,,,,,,,,,,,,,,,,,,,,,,,,,,
Data,3,record,timestamp,54,s,,,,,,,,,,,,,,,,,,,,,,,,,,,,,,,,,,,,,,,,,,,,,,,,,,,,,,,,,,,,,,,,,,,
Data,5,unknown,unknown,36|174|75|91,,unknown,2,,,,,,,,,,,,,,,,,,,,,,,,,,,,,,,,,,,,,,,,,,,,,,,,,,,,,,,,,,,,,,,,,
Definition,3,record,heart_rate,1,,,,,,,,,,,,,,,,,,,,,,,,,,,,,,,,,,,,,,,,,,,,,,,,,,,,,,,,,,,,,,,,,,,,
Data,3,record,timestamp,59,s,heart_rate,100,bpm,,,,,,,,,,,,,,,,,,,,,,,,,,,,,,,,,,,,,,,,,,,,,,,,,,,,,,,,,,,,,,,,
Data,3,record,timestamp,64,s,heart_rate,116,bpm,,,,,,,,,,,,,,,,,,,,,,,,,,,,,,,,,,,,,,,,,,,,,,,,,,,,,,,,,,,,,,,,
Data,3,record,timestamp,69,s,heart_rate,135,bpm,,,,,,,,,,,,,,,,,,,,,,,,,,,,,,,,,,,,,,,,,,,,,,,,,,,,,,,,,,,,,,,,
Data,5,unknown,unknown,36|174|75|106,,unknown,1,,unknown,1,,unknown,1,,unknown,2,,unknown,0,,,,,,,,,,,,,,,,,,,,,,,,,,,,,,,,,,,,,,,,,,,,,,,,,,,,,
Definition,3,record,compressed_speed_distance,3,,heart_rate,1,,cadence,1,,,,,,,,,,,,,,,,,,,,,,,,,,,,,,,,,,,,,,,,,,,,,,,,,,,,,,,,,,,,,,
Data,3,record,timestamp,42,s,speed,1.32,m/s,distance,3.0,m,compressed_speed_distance,132|0|3,,heart_rate,164,bpm,,,,,,,,,,,,,,,,,,,,,,,,,,,,,,,,,,,,,,,,,,,,,,,,,,,,,,,
Data,3,record,timestamp,47,s,speed,0.97,m/s,distance,7.5,m,compressed_speed_distance,97|128|7,,heart_rate,176,bpm,,,,,,,,,,,,,,,,,,,,,,,,,,,,,,,,,,,,,,,,,,,,,,,,,,,,,,,
Data,3,record,timestamp,52,s,speed,0.96,m/s,distance,12.0,m,compressed_speed_distance,96|0|12,,heart_rate,165,bpm,,,,,,,,,,,,,,,,,,,,,,,,,,,,,,,,,,,,,,,,,,,,,,,,,,,,,,,
Data,3,record,timestamp,57,s,speed,1.38,m/s,distance,18.75,m,compressed_speed_distance,138|192|18,,heart_rate,144,bpm,,,,,,,,,,,,,,,,,,,,,,,,,,,,,,,,,,,,,,,,,,,,,,,,,,,,,,,
Data,3,record,timestamp,62,s,speed,1.07,m/s,distance,24.75,m,compressed_speed_distance,107|192|24,,heart_rate,117,bpm,,,,,,,,,,,,,,,,,,,,,,,,,,,,,,,,,,,,,,,,,,,,,,,,,,,,,,,
Data,3,record,timestamp,67,s,speed,0.89,m/s,distance,29.25,m,compressed_speed_distance,89|64|29,,heart_rate,97,bpm,,,,,,,,,,,,,,,,,,,,,,,,,,,,,,,,,,,,,,,,,,,,,,,,,,,,,,,
Data,3,record,timestamp,72,s,speed,1.33,m/s,distance,34.5,m,compressed_speed_distance,133|128|34,,heart_rate,77,bpm,,,,,,,,,,,,,,,,,,,,,,,,,,,,,,,,,,,,,,,,,,,,,,,,,,,,,,,
Data,4,event,timestamp,615402380,s,timer_trigger,0,,event,0,,event_type,4,,event_group,0,,,,,,,,,,,,,,,,,,,,,,,,,,,,,,,,,,,,,,,,,,,,,,,,,,,,,,,,
Definition,0,device_info,timestamp,1,,manufacturer,1,,serial_number,1,,product,1,,software_version,1,,cum_operating_time,1,,battery_voltage,1,,device_index,1,,device_type,1,,hardware_version,1,,unknown,1,,battery_status,1,,,,,,,,,,,,,,,,,,,,,,,,,,,,,,,,,,,
Data,0,device_info,timestamp,615402382,s,manufacturer,1,,serial_number,1000322,,product,988,,software_version,2.32,,cum_operating_time,1044041,s,device_index,0,,hardware_version,208,,,,,,,,,,,,,,,,,,,,,,,,,,,,,,,,,,,,,,,,,,,,,,,
Data,0,device_info,timestamp,615402382,s,serial_number,1234567890,,software_version,0.01,,device_index,1,,device_type,124,,unknown,98.0,,,,,,,,,,,,,,,,,,,,,,,,,,,,,,,,,,,,,,,,,,,,,,,,,,,,,
Data,0,device_info,timestamp,615402382,s,device_index,2,,device_type,120,,unknown,95.0,,,,,,,,,,,,,,,,,,,,,,,,,,,,,,,,,,,,,,,,,,,,,,,,,,,,,,,,,,,
